Stas,Pikkuli,juni,1500
Stas,Pikkuli,juni,1695.0
Keks,Pirogok,Tehnik,1600
Keks,Pirogok,Tehnik,1808.0
Stas,Pikkuli,juni,1500
Stas,Pikkuli,juni,1695.0
Keks,Pirogok,Tehnik,1600
Keks,Pirogok,Tehnik,1808.0
Stas,Pikkuli,juni,1500
Stas,Pikkuli,juni,1695.0
Keks,Pirogok,Tehnik,1600
Keks,Pirogok,Tehnik,1808.0
Stas,Pikkuli,juni,1500
Stas,Pikkuli,juni,1695.0
Keks,Pirogok,Tehnik,1600
Keks,Pirogok,Tehnik,1808.0
Stas,Pikkuli,juni,1500
Stas,Pikkuli,juni,1695.0
Keks,Pirogok,Tehnik,1600
Keks,Pirogok,Tehnik,1808.0
Stas,Pikkuli,juni,1500
Stas,Pikkuli,juni,1695.0
Keks,Pirogok,Tehnik,1600
Keks,Pirogok,Tehnik,1808.0
Stas,Pikkuli,juni,1500
Stas,Pikkuli,juni,1695.0
Keks,Pirogok,Tehnik,1600
Keks,Pirogok,Tehnik,1808.0
Stas,Pikkuli,juni,1500
Stas,Pikkuli,juni,1695.0
Keks,Pirogok,Tehnik,1600
Keks,Pirogok,Tehnik,1808.0
Stas,Pikkuli,juni,1500
Stas,Pikkuli,juni,1695.0
Keks,Pirogok,Tehnik,1600
Keks,Pirogok,Tehnik,1808.0
Stas,Pikkuli,juni,1500
Stas,Pikkuli,juni,1695.0
Keks,Pirogok,Tehnik,1600
Keks,Pirogok,Tehnik,1808.0
